Steps,HeartRate,Calories,SleepHours,ScreenTime,StressLevel
8270,109,3199,6.512921659771921,6.397941834734482,47.54
1860,89,2877,4.333227958379102,8.753623365042042,66.95
6390,110,2527,4.194425640072232,8.81775675841083,62.72
14418,122,2292,4.425929391698476,7.519099656965857,53.93
6191,111,2209,4.531090887962567,7.711780411685134,57.86
12964,97,1903,7.327262555981804,6.021347006356306,28.04
12284,89,1774,7.945887501647471,6.262012811492423,27.33
6734,110,2808,6.679949137558513,2.202855232694662,41.68
7265,64,2312,8.474106395272946,4.9947326957917095,21.78
1466,88,1887,9.4475793604018,5.056986554977274,53.07
14526,63,1688,8.420075774716135,9.626480521009661,24.26
5426,69,2547,7.669294242055755,4.879781763609605,26.13
6578,115,1693,6.694956196622879,5.944083804124819,48.97
12636,76,2867,6.19311843004825,5.799262593511922,27.22
12363,76,2837,4.006354283267254,6.730855453398944,39.32
12111,128,1218,5.896212490368145,7.734095481987063,56.32
9322,93,2200,8.960807820692805,3.025376885537849,27.68
2685,65,2050,8.348135779439318,5.758519771885921,34.46
1769,112,2588,4.796308190070123,8.433259365844274,72.02
11583,125,2554,6.299646708183295,5.1680324245376035,44.33
14803,102,2567,8.400339215351266,3.506117917362157,30.58
7949,82,2021,3.904307328713135,6.892381678206692,44.25
3433,114,1654,5.824355514011955,8.413906562192107,64.76
6311,75,2824,8.611047421243686,1.568262636346522,28.36
6051,67,1910,5.923387185020743,7.991114350665044,34.97
7420,63,3390,3.9656878683886454,8.394831396655942,47.15
2184,63,2116,6.755206211193508,5.153706348297462,32.93
5555,115,2696,8.670454969509773,9.849750911366206,59.13
4385,84,2640,7.041713257718959,8.080375066365782,42.12
13309,126,1504,4.857674649285391,7.962963084060992,58.8
7396,126,1935,5.805437720824288,7.730547169708646,56.9
14035,86,3163,6.200740167091594,2.355472928964466,28.58
12096,91,3349,6.975598122923161,2.9550779780770973,29.18
9666,109,3209,8.056106154515678,5.175911183179825,40.14
10274,120,2161,4.093241705843813,3.3760391496351927,48.11
3558,110,2226,8.837912198105398,4.737168751006364,51.53
8849,78,3332,3.5738582180964533,8.996176989306285,52.42
3047,80,2673,5.7203140080455315,8.418942026913424,51.12
3747,64,3147,3.664521859835946,6.67035890631984,53.81
10167,101,2377,5.857845352071747,8.723083548259932,40.23
10998,120,1864,6.654875593239943,8.053951501155243,44.61
1189,81,1211,6.57008831948907,4.860864386568014,50.58
3734,80,2356,4.493770082169592,2.809586368449506,44.68
4005,129,1503,7.3744430605736735,5.627809360084052,58.99
5658,60,2963,3.7686707030280093,7.626059942756951,46.82
2899,64,1242,8.071440920794492,4.927776388566337,37.08
8734,71,2143,9.179866603961278,7.000947188055075,27.22
2267,105,2549,5.538612962906708,1.8489468366193926,53.88
2528,93,2090,6.603436290285991,7.732042627342631,49.75
12394,108,2204,5.773461668352886,8.314422579037558,41.71
4556,104,1220,3.5402623418243597,7.36154070202487,70.85
4890,86,1606,5.815247017370695,9.70537228773729,51.47
9838,85,2214,8.250321555568078,8.439868517145763,27.64
12080,106,1535,7.075933053100891,9.127843550888844,40.64
6393,115,3038,4.107559487690954,9.402139751118833,70.1
11627,122,2347,8.58283693816271,8.212131926864277,45.43
9792,107,3027,6.686512069311457,7.068329578058492,41.69
11555,120,1914,8.550340170468058,1.0514672322471035,34.74
11253,85,1250,6.981329112710176,5.192431779008122,28.4
9433,95,1523,6.85813066902764,6.140460687601249,34.05
11233,60,1988,4.131555111182074,3.7362724520319968,24.08
12016,67,1340,4.504158398831768,3.8629400221312484,30.39
8513,111,1669,9.332151538979547,9.650434741391486,53.3
3612,106,1986,4.870920480528625,9.025397786824714,64.01
8041,115,3025,9.364712707942207,8.642611049515338,57.1
10555,73,2557,6.69147623914558,4.654106215354996,19.34
7235,87,3116,4.314734282383623,1.123286953680231,43.14
6486,61,2163,4.095813216522158,1.7220002181014267,29.1
8099,85,1572,4.75318442423444,3.809767313958433,39.75
10670,73,2892,9.053823980152014,1.1416862169610928,20.38
11748,118,2379,5.9849013459693605,1.1543480372367831,35.54
1775,115,2871,5.872605607957486,9.2494297147817,71.31
13206,66,1305,5.379237566421044,7.355426519071487,31.09
9226,62,2643,4.38237110339953,3.780603910613374,27.46
4152,82,2881,6.427107183154439,2.1938011984085786,37.94
11147,77,1201,4.280286695066832,5.604721461055694,39.48
2585,97,3337,8.512881418293965,1.04811544768928,49.78
4943,74,1549,5.722381917651839,9.445723694723297,46.71
8555,123,2486,5.748821406690778,4.733336074500524,48.67
4073,87,2262,6.3440385708989355,4.621014597135995,39.58
2021,98,3406,6.1647662789945095,4.51534246823604,58.96
12653,116,1644,9.46914783835593,1.6239549734898828,40.56
11805,76,2151,6.772286727309815,6.744900158126439,20.99
14417,103,1235,4.029210222739224,7.59703257665518,54.6
4843,84,2307,7.141264049461579,7.085128578294612,36.42
8989,76,2675,4.4095057572192795,2.245919439964549,31.86
10692,72,2998,3.685625868388052,6.209561512320333,39.67
13990,84,3045,9.32445292206349,6.125360357550284,35.1
7873,127,2608,8.141233349207383,8.815697091472439,53.6
6675,69,2395,9.380653954482602,4.412148925380823,29.69
1161,126,2599,6.367270688133455,4.343373492934908,65.63
5297,77,2908,6.693545186893857,6.56674352846367,38.37
11173,93,2585,4.510021735514782,6.697653881495617,42.1
1995,67,3388,4.981444560005514,5.223567045932113,52.58
14103,99,2500,8.531295289416969,4.98753426097379,31.66
12534,101,2443,5.637113882705565,5.447329035740944,36.93
13743,100,1720,8.460889842778514,8.749407695529808,38.76
8629,65,3006,7.754082345722191,5.15050211128519,20.77
12990,111,1209,4.563025551631193,9.459386127728402,58.35
10467,85,2183,6.544678196718452,5.536033872366934,23.93
2016,123,2856,7.564323929112301,9.542806238628023,66.64
8869,118,2860,4.910223288822951,8.495487116821682,58.45
7439,115,3399,8.484131063120461,4.261881903542462,50.51
8892,118,1919,6.768965945271121,8.772772791669544,46.6
7863,129,2272,4.4914523026556195,1.990569557810037,53.5
8916,92,2058,6.997906556987615,9.32542457808713,34.02
9529,112,2516,9.498282824935483,6.684791635746024,45.91
1878,81,2803,4.4031289499804815,1.4895167367008006,51.66
10268,80,1249,8.400541580717169,6.798310512857304,30.59
5887,129,1345,4.743854019125347,9.768228887302804,74.86
13185,129,2114,8.194329976760525,1.6282058915316604,36.15
5859,63,2662,7.907467538728479,5.992189388020777,26.22
7331,121,3489,5.302936313602594,7.730149147834352,65.31
9571,121,1780,5.454938705386699,8.292327280295781,53.11
9684,83,2784,8.255128351777515,4.724447187887162,26.0
8208,114,1682,6.268673071323876,2.837499032514187,42.02
6276,68,2449,7.884908172270853,1.3810805089514546,18.65
3062,62,1872,4.387904884195009,6.217535413875023,45.61
13076,90,1830,8.615346691409322,5.076199632408497,28.89
1064,99,1861,7.765308300093915,9.5386995563474,57.3
9006,95,2187,8.941656853009004,1.545444169434188,27.11
3568,83,2746,4.294234274209835,7.168558091014051,56.92
6463,65,1849,7.058087002163586,1.2246959990805144,17.73
14440,125,2168,7.094723510241951,2.5429075903948846,33.94
3027,63,2300,5.620764443280695,5.082210999305508,36.51
3695,65,1640,6.250798547415547,5.093851985225814,36.1
10687,110,2120,3.727889379739121,7.171304886402795,51.66
6258,121,1969,7.975160231762072,9.19191731380981,53.44
6618,116,2543,6.795934876419044,6.751289430234287,48.74
7736,125,3026,3.8464463112150424,9.58181588066358,72.51
1391,67,1462,7.584535357762913,8.934540758901978,44.02
14986,85,2777,6.3006924633871275,6.2604981597771125,30.54
13706,110,2198,3.70676755655,8.504127558269445,53.17
13666,104,1899,9.317646361088572,6.783198492912707,40.44
6892,103,2803,9.194672858536643,1.7070204783135443,41.87
4561,64,2441,6.577414496883185,7.66508250933559,33.28
11470,129,2325,4.062034524235461,1.854175971406116,50.5
7184,85,2390,8.027727329591551,6.346745025127412,31.37
4099,127,2205,6.451586600634374,7.3237618527240596,59.73
7278,78,1235,5.314684869736279,1.5987484738976971,35.27
9392,79,1943,6.448509065171341,3.077151885338786,21.51
14067,71,2964,6.634664872432786,9.241050090354848,28.78
4104,106,1552,6.876270194134035,6.546830430096067,52.38
8215,60,3122,6.147342281931959,3.216574169294784,23.14
13790,73,1272,7.13453181883434,7.21611794033206,25.36
3454,123,2576,9.012408263638264,6.370987779655207,63.38
12837,97,3114,5.673608522591547,5.514181299261535,40.29
9996,96,2293,7.854298779319695,9.785682774892754,32.6
3731,70,1907,8.866715340945394,7.15108399666758,39.77
11965,62,3004,6.235875654559622,4.378969987011214,19.93
9154,92,2155,6.160735018291424,8.20066088869181,35.17
10762,65,1359,7.112701912128677,8.96124963629069,23.99
6056,109,3396,7.048440556534929,2.126985035651483,45.51
9110,69,2935,8.339536053957662,2.8049768006073985,20.14
14773,64,2785,6.358900302669756,2.9460430821500174,16.34
11882,82,1266,9.476737697836647,7.220906284478863,37.33
4840,69,1257,3.856829413203685,6.42735599547955,51.87
2028,103,1541,3.5190070914842106,6.570924082287293,73.19
8385,61,2353,7.341189869357743,9.466959697205509,20.64
1502,72,2395,5.29060947417126,7.983203795265753,50.91
7910,99,2432,4.942294332196903,2.1514323206060486,39.74
13685,61,2694,5.371394480025683,4.127563741826629,21.06
10062,124,3021,5.036285390629725,4.91854281558162,53.44
7938,122,1315,3.684740297962687,4.563654298728444,64.46
5488,76,1861,9.329198254343531,7.023777482456913,40.43
1206,68,2665,4.8244729307166905,9.027037929309063,55.91
6134,74,3068,7.904178575535838,3.7544631717050923,29.99
6977,83,2216,8.07557836816505,5.966894227790671,29.37
8721,97,1510,9.075544388043376,8.104684797222271,44.4
8035,94,1407,3.68329674256028,4.7459625296081445,51.79
2484,108,1832,8.732290030682046,2.5130631555936627,52.12
8858,128,3302,6.663357085038801,5.274558687373734,52.57
1863,121,1856,7.2952646597949675,1.4970026866872561,52.4
3790,119,2623,7.366821662726202,9.481451086020492,58.95
8408,109,3131,8.418786829908365,1.6733908467547574,39.25
9755,68,2879,5.5004439329546635,4.946110437255204,26.68
6116,93,1436,7.898307139159961,5.768931349796736,40.37
13383,94,1547,6.671468658333183,9.867734490585569,38.54
7019,60,1829,8.260364085832087,2.494196412785747,17.85
2757,99,2740,9.4432761966208,2.029883667511227,51.74
8574,123,3203,4.703906104422567,1.0783553235628922,53.88
7374,81,2471,9.467891849359987,2.4001429318237206,31.09
7892,119,1563,4.038872925696644,2.8654568116090084,57.06
2678,123,1485,3.513905287428883,6.675228474247831,80.75
4242,70,1348,3.764971617066988,2.9773611135226035,48.38
5636,73,2307,5.55069442842057,1.1846873325639269,28.83
2059,119,1655,7.297437984070605,8.439565109522398,63.0
7668,89,2966,3.9141772453270978,4.290361309035701,48.52
14471,94,1999,3.5339948871774034,4.183270179226605,42.22
10914,96,2384,9.122546170752768,3.7223112625113393,30.54
12506,64,2212,8.431559815639577,9.778359494317789,21.13
4157,85,2723,8.355099026834186,2.531038755783533,37.42
6915,121,1680,8.806545653011863,9.084142575579117,58.01
11817,63,2886,7.700205636632626,7.991229989258992,19.55
11921,101,3361,4.126424778488489,1.6883195994938176,45.9
10789,77,2801,5.894601128442338,9.880561913507638,34.76
12252,99,1540,7.838896918787777,3.442293671851095,28.65
3693,98,3210,5.182006764749126,1.887246343201711,54.24
14083,73,3066,7.624438184817425,8.463828107131835,25.55
14339,91,2034,3.6469906896059143,7.360079803099299,44.87
14931,110,2403,5.3368240452775595,6.554969252901107,43.64
4627,97,2925,6.794782017663036,2.4038277732903985,42.0
10555,82,2889,7.292538977037454,5.306465046303657,23.73
11173,122,1510,6.962243986771465,8.025004241984924,46.61
6450,74,1461,7.686537656440577,3.7326154432945624,27.09
2663,84,2642,3.5365324894390344,3.805208456635373,57.55
10721,76,1605,4.105647199865129,1.028268154433099,29.95
11230,125,3390,8.71366551367487,2.568190614808416,46.93
6592,112,1541,7.590491864540967,8.878650626096508,49.65
12494,110,2539,4.177589856116068,4.975718424739364,48.11
11429,98,1443,8.552446624391475,9.858110493109905,42.16
8392,110,1689,4.953387306947402,4.5613716721641335,48.95
14696,129,1211,6.369559305171341,7.436678093022171,53.99
14688,65,1760,4.3711790773079615,3.537271386142562,26.48
2306,126,1241,7.76066033853024,4.274286770268402,62.61
13221,66,1793,7.501126526085607,2.716533888318052,9.78
7776,110,2652,4.766674826996817,4.123561316494555,50.32
11867,101,3026,8.680404601142012,5.925137683785788,38.72
14260,123,2893,5.907836145318273,9.925955928813245,55.18
6864,74,1333,5.255090546424451,6.977815417646071,42.2
10474,88,2147,4.413977536787213,2.7932135896748265,32.03
8526,92,1272,5.097008075093225,1.4046529743239602,38.66
9901,86,1598,3.6321615273429018,2.137208331830595,38.57
6575,95,2628,6.9995449547366935,6.062996811457427,38.45
6530,88,1329,8.553384478063688,7.886442959350897,44.47
13936,97,3011,6.793882696649851,9.463772865706723,39.82
5413,116,3201,4.815643771543254,1.1424085479713875,58.3
4748,86,1465,3.7020150692832363,5.704841274056828,57.47
14545,114,2760,4.787768439552817,5.237806206008591,48.87
13971,92,3185,5.996728568426554,6.904495197781336,39.16
1663,127,1992,8.057668572198779,6.036209690188078,63.0
2998,125,2512,4.627057115226645,7.183352355242325,72.9
8994,69,1363,7.8187487201281165,6.9227432627427135,24.79
12637,64,1294,8.701600810111302,2.053105523721516,17.77
12935,97,3005,6.223681088650142,8.197461222568476,40.73
14919,72,2333,8.428591949855559,2.109093181446924,13.97
2495,90,2021,6.8279440882105735,7.286775626882234,47.29
4304,106,1437,7.32254502248543,4.745308308765461,47.83
4763,111,3160,6.657670762029216,5.624656611189382,54.98
6232,115,2248,6.27903630050805,9.129682129381395,53.16
2853,74,2876,4.907920650655096,9.008953538261379,55.54
14808,88,2163,5.319164356766276,8.360706750895265,35.73
7585,67,1736,5.239820713661654,5.5913354241069095,32.29
13851,64,2803,6.879733585722889,7.626158291204498,20.89
2291,88,3179,4.219722158143339,5.616073499669285,63.63
4581,106,1327,9.00075014421401,8.826454742272997,60.72
12649,127,1291,7.823930871698679,4.624982499096099,44.26
8554,104,1742,5.908673785479162,9.732118099733892,48.55
8280,61,2045,4.451744867158268,9.390904824059898,35.25
2636,86,2881,8.791953018329815,7.674423575066069,52.76
4696,95,3051,8.442668540606991,3.514742957584648,44.79
12191,95,1589,7.830329316303076,2.1848822991393257,24.63
12344,85,3084,5.129282284467454,8.692331050838778,42.41
1698,102,1242,5.914679824602014,2.4877205752416516,57.78
11352,86,1453,4.11648951471454,8.68834710097602,46.84
13289,128,2283,4.63423714836519,5.416885060411244,52.24
5737,79,2740,8.198099823900398,4.659011054272938,33.43
14877,70,3153,7.790232313104103,9.128717009509861,26.76
1854,97,1841,7.060914577855608,6.434658842862501,50.83
9164,65,1889,8.874360355557037,6.18952606416746,22.78
6855,82,2476,6.999599106878272,6.028893501619579,30.96
8392,106,3150,6.301807999781664,4.3405256441757825,43.54
7528,105,2279,5.542224477834576,8.070787931762144,47.97
12666,71,2686,9.142691034417036,3.275185996141957,21.58
14949,72,1656,3.996292769146121,9.450054640371475,41.02
6249,121,2182,9.08532423236485,9.045866845422648,57.15
6172,119,3330,8.460287959586111,4.037322931074083,54.41
2707,102,2322,4.279579547214208,7.565173928484974,64.62
11969,127,1348,6.889906146051521,6.159008750046323,47.56
6791,64,2552,8.69928789049452,4.038843717993111,24.5
10925,96,2379,6.930854981642923,9.896694831959021,34.5
6535,90,1389,8.943198929363733,1.2271361126343778,36.81
5931,68,2082,9.157902900896255,3.27381427559158,27.71
4510,110,1599,6.034307133105836,5.680666550000353,55.63
1202,88,1808,5.763881968437942,5.697577031307075,54.24
12447,99,2995,9.117926923814942,6.300397674510077,40.37
5218,100,2838,7.550840366898008,7.765085548206273,45.91
13688,70,2775,4.196136088089016,6.611300474673667,35.15
9958,82,3348,3.753750495336087,6.402533144752333,46.7
5389,60,2582,6.887774305983578,1.4816301662173896,19.75
3327,105,2603,9.081025792630548,4.3887725901036845,53.56
9004,80,2019,8.565492214434911,3.0885016573104043,22.41
3931,95,2019,7.555086478786018,3.388331004417779,36.92
8777,113,1619,4.334695093346525,5.989037269063104,55.05
1197,116,1323,5.025388302492173,2.795547834366476,69.32
8125,60,1621,8.753067359315697,3.6455419091520778,20.87
2930,122,2708,4.596843419941402,3.133762376656061,67.37
12774,113,2797,5.170636449502608,9.536526488963753,53.26
7287,114,1967,4.277603907172652,9.501991589539857,62.08
9800,99,3244,7.556649388486466,6.489474027364466,35.26
12464,74,3402,9.163893832179259,9.3207022185871,37.55
10339,80,3339,5.113808189572316,8.072313809215359,41.37
5282,106,2749,6.352439647100442,6.309530945216279,50.93
12589,112,2964,7.306038438267226,1.0579169034711615,30.72
3511,68,3244,9.496797489293783,7.952646574714636,49.59
10986,111,1709,4.128848389985433,7.322395074296219,53.47
1659,116,2406,6.491424797034255,6.537282879541726,61.29
3811,85,1585,5.810720719415,7.843818805142245,51.13
8098,100,2797,8.694920991334131,5.616299482972892,40.89
7546,94,3493,6.355806386069935,7.336749441892052,47.38
10561,122,1941,4.165865147510889,9.41654878053844,59.36
2986,84,3111,7.306544871719502,4.382245142614776,42.37
14822,97,2646,8.124683709583278,7.373096514105629,33.47
9338,61,2100,3.5172875099936878,5.281190362098629,30.69
12411,66,3312,8.653740112523778,7.069596866325834,27.5
3911,93,3460,4.6161380000339935,7.866040019989277,65.28
2734,76,3209,6.812416187920267,1.4090725039221637,38.34
2843,102,1441,5.994785004124701,6.819403995537957,59.49
9680,118,3220,7.817922899663182,3.040670659662501,39.65
3976,110,1372,5.726969688714451,7.030292840268101,62.27
2959,113,1871,8.718579060090264,5.214971673404321,56.76
6759,83,1363,7.882978165752741,7.961974676783985,38.26
7694,84,1664,7.386279026377529,2.110607336850368,23.91
3385,111,1696,8.277443573377127,6.636901164905756,56.11
12111,129,1899,8.024138209570294,3.506236560347971,39.77
5736,92,1902,3.71563204952932,8.676837957975323,58.6
2802,108,3140,5.868406123068969,9.355451550726768,67.99
9155,88,2991,9.08484378389894,9.967584643111499,43.07
9120,122,1382,4.254345613953357,8.16406662184555,63.54
7616,81,1828,7.9225793025923075,7.783606633852041,31.61
6534,85,2931,9.347550868011979,2.9395068298079594,38.65
5061,87,1745,3.81319177426983,4.024063530910979,51.89
12561,108,2787,7.5931632837596625,5.191142875860516,33.34
14922,108,1823,6.308924847806182,7.960429430040247,41.37
1262,79,1793,6.975051532248333,9.234692785701718,49.6
7287,122,1943,4.012048018905949,2.7022519002068615,56.82
9815,120,2968,3.7580417112016367,9.301307362030926,64.75
10208,108,2659,7.50119996330553,7.2606218711865225,35.0
12835,60,3148,8.439856578924307,6.496936576165347,21.74
14168,72,3268,8.192092009597804,2.7985714415374554,21.02
3049,110,1304,6.762834367197424,1.499725295282355,51.63
6423,115,3439,4.099200926817069,6.116184086571459,68.22
12915,121,1216,7.628266663016083,6.863641149960031,44.65
5548,91,1592,4.951333301324876,2.8970330441921943,46.18
4108,89,1624,8.9664122166043,6.008105852429107,47.93
14471,88,3376,8.52959215727423,8.708440624863162,39.26
13282,108,1771,7.756297802524346,8.51559350909518,37.93
8158,104,3276,9.193075734986783,9.346196625276674,54.22
11248,89,2320,3.6885309290676376,4.292972286011924,38.85
8400,75,1441,7.917202550364572,3.8624461529582685,24.15
4170,99,3479,5.481456676018432,7.744834053827278,62.84
10874,78,1988,8.936395314118192,4.880011645873045,23.85
3255,77,1914,5.1000511799718655,1.7879379762500256,41.03
2154,60,1958,7.849138995890103,3.5452101760344976,28.54
5499,106,1975,8.765882117904688,4.767240569783402,46.18
7295,125,3447,3.7499409102960946,3.632647829286268,68.41
7197,97,1278,5.8858854775522165,3.9898501385258944,44.01
12383,110,2055,8.073854192131632,3.643983155569517,30.88
10888,122,2639,6.229513337045523,1.3734925046477149,38.36
13183,63,3334,5.103515778761572,6.7338523074199825,32.09
13915,60,3348,4.81883209293914,6.375631783181223,31.8
13874,67,2231,4.289109601498268,6.880451486308125,29.61
2648,88,2044,8.642777359137693,2.7307890643026473,41.39
6539,114,1286,6.952132419509336,3.6608908745123676,47.06
10637,62,3290,3.958309669948736,6.5765433425043005,36.82
5199,91,1607,5.795481941423812,6.396648116139293,47.97
13115,69,2868,5.70640190483066,5.55697278418841,26.3
9445,93,1347,4.590435144256778,4.153719250091777,42.87
12375,114,1431,6.113045752833144,9.216379042972209,49.82
3557,91,3150,5.4925961923588185,4.057932180689594,52.82
6592,109,1565,5.550822232953095,5.100572407935264,51.8
1098,66,2874,7.934159346727752,7.103024478587878,42.84
3200,67,1635,4.839580313031178,5.887192877800877,46.48
3961,124,1598,7.351159753132133,4.121973787279471,54.08
5973,116,2434,6.923897743285609,4.920803114108589,46.13
5433,126,2614,6.908555074027204,8.150327360681555,58.07
12969,118,1762,7.478044076850655,3.503162399379512,33.59
3869,113,2484,6.790292217173924,2.2802971579913387,47.2
12426,126,1972,8.775530689078309,3.818468816467994,42.14
12983,110,3237,7.553480551701559,8.645807939391112,42.64
1956,67,2543,6.781779508228329,1.80090743370712,32.04
14992,93,3385,8.478578721725869,9.925264660352067,43.04
13259,94,2773,7.136879389600878,5.869026090348963,29.6
9352,91,2191,5.246865486711074,9.863611695703845,41.04
6699,105,2446,4.742569509059427,9.450967798773798,57.39
7944,75,1559,4.413966713976073,5.075323427898251,39.54
5493,127,2120,8.89673127527661,2.786419671448142,51.76
10492,96,2162,7.760812590788395,2.483962989086246,20.75
5911,113,3027,9.124270628985926,3.1599042748296178,52.16
4987,73,2813,7.119750834289658,7.3911937650808355,35.81
10719,114,2840,6.3404052889694755,3.4565499525833907,39.05
7015,107,3416,3.8582989338253357,4.072827426438685,61.28
14703,66,1416,7.5298536892761785,5.039009235951533,16.31
14446,66,1577,6.993252558609387,9.219094123793107,23.73
2218,92,1318,9.441253361525728,2.704540760963615,53.72
5496,82,1389,4.934952666693459,1.0452389734882281,41.32
5735,78,1569,6.684424131721015,1.5408676934035315,29.62
12296,78,3001,7.405744010708435,9.142897075121061,28.06
11927,95,3396,7.367547048454062,6.827648183590268,35.1
5555,88,1851,6.867761257690416,3.457365573950261,34.14
10146,119,3082,8.161568061963353,2.59473250910072,39.27
9050,61,2711,4.7298872571608985,3.648400629734029,26.06
13757,60,1969,7.853763201646495,2.033172345261521,6.6
4446,106,1980,7.218407428598535,9.47379619255997,50.91
2045,128,2916,8.87645067076744,8.057855569287401,73.51
7893,79,3407,8.58316663420149,5.161520592212867,35.85
2693,70,2511,5.39088223479532,8.784663446036816,48.67
4436,61,2449,5.1574239498509185,3.2451238386390906,32.83
9754,126,1722,9.389919943114688,7.4540851162497415,53.21
11677,71,1721,6.6635910854915394,8.705192491123691,25.64
6895,79,1982,8.938525783486622,4.210918404609453,31.09
4354,64,2135,4.483286142682893,7.817180009056459,43.14
1225,96,3430,7.3569134888010455,3.655651143378784,53.03
5893,97,2888,8.359161124163517,3.689714217331277,41.25
8022,68,1687,9.184371497518681,1.9635146069876745,23.69
10151,112,3050,5.524040846102141,4.960522418584588,46.14
6600,103,2045,7.849887019544315,7.5674071584768,41.22
13740,83,3371,6.732878054237714,9.461987250141565,36.89
12259,89,3203,3.863773556398809,6.434172927361865,47.98
8996,118,2948,7.63999842385366,8.76821983962165,46.97
10007,73,1885,7.64057934942706,8.402451843612043,21.3
13946,68,3360,9.083640829079222,2.560087476777528,24.11
8683,99,3369,6.4838746770138345,5.372356860213683,42.14
5642,125,2767,4.881505524263088,2.0523118197285233,59.28
14503,84,2445,3.767382940692075,7.1393784540547145,41.54
12312,81,1238,5.993853120115434,9.549097014214684,38.25
8679,63,1979,5.3115002004650105,2.2338051227088087,20.58
9208,85,2456,8.066529836143253,7.604948177222871,28.9
8339,117,3396,5.62560658904628,6.690143357810749,57.19
10435,88,3127,9.194427177889064,6.252445333072898,36.98
3205,96,1501,9.273861217926704,4.511082112195053,53.43
11716,129,3485,7.225451541306248,4.196184829784313,47.12
2069,77,1846,9.071961722089299,1.4072427011699906,39.81
4444,101,1862,8.065126067086974,2.9611783742681212,41.33
11757,100,3483,6.781157845850757,1.1365919405814422,32.31
2060,97,2959,4.581847612536668,6.232753950238185,65.49
3327,93,3450,6.25158766108304,1.9526791229011797,49.61
4420,76,1455,6.865246780175705,8.857174546267444,43.0
1301,96,1797,8.68376948441006,5.708287186274487,54.76
13468,84,1861,6.388000259213989,7.297209181528376,29.4
1606,86,1434,8.88604803606774,4.697713826564469,52.0
4170,116,2568,7.546093874140814,6.045218281009438,50.7
1699,90,1969,4.321994378322028,9.483932592699674,65.5
6088,65,1412,9.469888215950558,1.744606356613037,30.45
10331,99,1662,6.663395964523476,3.2854399473132654,29.96
1190,71,1482,5.851149778454474,8.019894942194899,52.54
11492,112,2686,7.454682586817159,1.8886348619439928,29.08
1980,69,2630,4.1533598838862344,1.6809499351369976,46.47
3975,104,1287,7.319231880520126,4.253872588786347,48.23
7102,76,2267,6.489416002995638,1.829511626251891,22.41
2184,85,1660,5.940044419991499,6.265705979855828,51.61
4327,121,2924,9.218120127073394,3.0364772573493983,59.04
4394,105,2576,6.635238300392319,9.06128166879435,54.11
9319,123,1714,4.814704876819631,8.05150072760731,57.94
11257,61,1902,6.253780876263792,7.297346854895285,19.9
2816,113,2853,9.016324427436036,6.552496246460517,63.11
6854,124,3266,4.556572827983568,8.771191573073171,71.37
7709,110,1222,4.783742232129422,3.0075585538848117,52.77
1569,112,2253,3.5781774065425025,8.857979584878048,76.67
6442,95,3030,3.585140296374603,8.105430685816472,62.01
2895,85,3355,8.476349761751075,7.73344743748917,53.84
3733,88,2504,7.892735641057735,6.051301102674317,41.05
4863,80,2334,5.63024633871175,3.216197448735401,36.62
13913,70,3383,7.689866943365437,4.8119312439270665,21.55
8455,99,1561,5.871235557859821,8.142135890849215,45.85
5014,70,3376,9.217380775986964,1.28600635921592,36.31
12093,95,3099,9.302316088556209,8.038456923373825,42.98
2686,118,2484,5.856762654856061,3.1606366643880985,58.28
4009,98,1714,8.625331438045208,2.2987828064944273,44.08
8806,113,1648,8.138534250184797,2.0413118636227194,36.2
1154,114,3123,5.359999623030736,1.245250107557336,64.93
11729,83,2706,4.892238973406636,5.712278366993076,35.36
2409,81,2447,6.249407902357003,2.9643388542435654,40.58
13249,128,3055,8.188093043686438,9.904885892016685,54.02
1784,115,2073,9.261006708372474,6.169930802849852,63.15
12367,92,2628,8.081474413199436,2.2409674242040936,23.28
9096,95,3478,8.63124191011022,7.198862867302288,43.55
8560,79,2954,7.1183858370231,9.079692098587527,33.07
13533,121,2122,8.512446985052755,7.706615458326529,43.37
8343,85,3359,8.206525148020507,1.687958749355029,29.84
8206,125,2236,5.76191325155768,9.062957630733935,54.9
6596,99,2616,6.811941812724326,8.145364472739683,44.08
6801,76,3481,8.32851873193817,2.424735100950529,32.49
3806,60,1513,3.776340405139738,1.4660729985953518,41.59
1537,120,3456,8.34847569413498,6.015795177828776,69.8
6986,102,3197,4.567328744294141,2.404322302059792,51.47
2841,101,2237,6.5881017027286335,8.51131857335745,53.08
14208,84,2856,8.349652637335627,4.225011910045064,25.92
11647,98,2978,5.022926468940169,9.216032002629179,48.48
9716,94,2214,4.974844635836918,6.091193549269052,37.15
7971,62,2293,5.916586390773511,2.6440514581570134,18.53
6625,103,2324,8.867856785465808,2.256389806238201,38.04
3950,110,1897,3.5026566886232473,6.188251938019786,68.15
8992,71,3379,8.90829857985161,7.856952506761996,35.13
13323,78,2604,4.4228421478496465,8.033550829679639,38.26
5780,103,2355,9.440518256404893,3.4818166399715316,45.1
13307,118,2243,9.229081958230807,2.838220830209507,38.09
3368,108,3129,6.4680511375477,1.1508067404314417,51.18
13039,120,2213,6.576321486875769,7.112792360810524,41.1
7655,76,1426,6.389296041655125,1.6891143259018508,26.76
9173,116,3028,7.312661873957135,4.786850815893333,40.55
5495,114,2692,4.044330213409586,6.415139476164665,65.09
11893,106,2021,3.695707690049399,9.433980504277093,54.26
10163,71,3223,3.8462175704953934,3.8062192326019177,36.56
7002,121,2070,6.1661920954490865,3.247949462018678,46.18
7614,67,3449,5.1532876353169,6.887441388574886,40.64
10358,80,3285,7.232237374225963,6.573151288482235,28.12
14403,129,2995,9.454653736248673,3.988988049773121,51.44
14121,84,1387,5.817939038458795,9.352916519588078,38.98
6919,71,2280,6.94304752462708,8.603760947406695,28.72
11966,74,2140,5.993623375444013,3.0158429127857302,18.52
11174,118,1725,8.583630006331155,3.1522829089107085,38.66
1853,85,1535,8.913418420773429,5.610703121983725,51.68
5146,85,2278,8.76413367323156,7.962148915576483,41.71
12928,106,1361,9.346233432075547,1.3963634144961796,37.49
4769,91,1793,3.6651151108424918,7.24001638361236,59.53
1574,69,3138,8.538896972873186,6.834123076438873,47.58
12453,75,3406,8.010633038234559,3.083320863216894,22.88
2148,76,1259,4.872166456402189,7.132177119172139,57.56
7293,82,3101,9.237920560325165,9.461648721268743,46.01
7457,85,3458,4.389067569379673,1.4210726047459166,44.43
8509,66,1605,7.57729956280345,3.876868497628563,17.08
10907,73,1863,4.849341300895475,4.943590449997197,28.83
5777,66,2332,6.088283892644448,9.093343230322207,34.84
14125,68,2299,7.814959381667414,9.660353019482411,20.26
4854,107,1741,6.8799478521982795,4.997037218466991,47.13
14365,118,2537,6.06501098796867,7.75025570927972,46.25
3491,98,2197,5.458030585591923,5.784949213880347,51.47
11852,77,2340,8.537957934252741,5.840046412672389,22.31
4124,118,2067,4.362886101888883,3.502895635597208,61.51
6691,76,3266,6.0806172591788,2.9526062127749158,34.86
4051,73,1631,8.922545430650853,3.59204811331637,37.32
1004,90,1939,8.575097302759806,6.006952065313714,51.74
6222,83,2573,5.90565057483828,1.262396674198801,32.04
6315,119,1382,8.07865018160785,9.165240499207652,57.43
5869,104,3360,8.438964984253156,2.406553385947986,46.41
1876,62,2406,8.833324544021778,2.980798091842479,33.89
10183,96,2369,6.767034614295368,5.664485588028817,28.89
8027,102,2030,4.726765316328271,7.3910328970355135,49.19
5142,99,2851,5.03185445902359,1.8615614926995758,49.0
7966,114,2336,5.274168044249626,3.8592522779244596,46.19
8079,98,1675,7.062814884857693,9.718071450169214,41.89
8987,74,2526,3.6968577447716506,3.3610867010285115,35.1
7799,63,2170,7.3162548126798095,3.817451305568322,13.66
13556,84,2219,5.686125430569392,8.528486415562302,32.29
5465,72,2341,5.271450814937853,1.4519298852140974,30.89
1635,92,3036,8.776979424368758,5.181518519280738,55.21
14417,75,1360,6.260014373484793,4.416550880065032,25.71
2693,101,1397,4.070318273196157,3.8492808391778603,64.94
10874,125,2483,8.460480608157482,3.571296346402881,40.19
5752,114,1859,3.7858475446190396,1.822366943743683,57.69
9311,101,2975,7.86049534500918,3.833432464164839,32.81
1830,93,2270,8.143437330623991,1.3874716244410172,40.4
12867,89,3210,5.615615635573149,8.028674772799917,41.66
6177,72,1598,8.44872713766672,4.584050145622105,30.95
10561,72,2933,6.59395643513872,4.995134490879204,22.8
9932,77,2782,6.279761919636781,9.042351278051184,31.6
9308,91,3325,3.772419688812155,6.922494854750987,52.69
6949,98,3371,5.240175161893435,1.072531930079078,45.83
3838,105,1274,9.0860598253118,9.488573406651565,63.98
2150,88,3384,5.850943779701,3.134300193799401,53.68
8560,121,1801,6.78020312334061,1.9685276628387296,39.36
2931,121,2036,6.692130073905511,7.91315360542794,60.99
10204,116,2728,7.04258653893616,5.504295842800463,38.61
2664,75,1699,3.8679857338596957,4.903935094162158,54.14
2081,115,2796,5.67305752879237,3.245527717144676,61.96
13921,69,1337,7.8387696432953256,5.927243408760868,21.08
1512,89,3297,4.703361506437897,3.469461446823287,61.27
12041,84,2994,4.721470265278162,9.114247047583609,43.96
14407,64,2172,3.5605436401341484,2.936840317598735,26.03
8805,124,2842,6.124891559649258,8.959196354101781,55.67
6237,108,3085,8.796406284040533,6.034648831546213,52.32
1559,62,3228,3.811405661523854,8.456393205057168,60.99
4672,104,3100,4.6467122569760155,7.415613962748595,64.49
13775,73,2649,5.36050723005653,7.270256002930737,30.63
8404,89,1746,7.890348419385277,3.9191122692555016,27.74
14184,127,2121,7.343813556815519,3.1050723832498313,34.76
4343,77,1780,5.99566342749113,2.8979760491270934,36.53
14500,121,2572,8.054413635550254,8.714724913536298,44.85
5070,96,3156,7.1577860699414115,8.38384138233118,49.39
13991,84,3203,8.876244797943315,4.965161752110766,32.33
10662,107,3296,8.408160494832158,2.1916415214680915,36.4
1580,124,1903,5.016881636535203,4.440270267797125,69.84
8004,112,2825,5.128631465805201,6.574091087232203,53.8
11486,74,1837,4.252138854754314,5.089628390319575,32.67
9130,108,2209,5.521788354304739,8.021703416346956,44.74
4147,127,1840,9.497263512314566,9.978605400262468,71.07
5249,71,3061,5.934507011690366,2.7201887960400715,35.12
2679,118,2405,4.822930608134638,5.136857376936152,65.83
4506,96,1885,8.074897306853318,4.878855117287398,41.78
14284,120,3051,6.754826020775937,3.7404327947405576,41.6
8253,102,1387,4.397608697161715,2.782859650482606,48.31
3744,129,2819,5.784138086965195,1.591229048406933,60.94
12548,98,2887,5.98681829323606,8.984073855013285,42.61
13237,115,2184,8.022978203415311,4.7786382791768585,33.48
10435,122,1747,3.6240282133514268,5.4720596665004395,57.64
6188,105,2631,5.114117880789863,9.252478433808243,57.94
12310,70,2075,6.605577807893132,7.986614297643531,21.7
14296,121,1817,5.1130804547170605,2.174511377054658,44.29
3141,84,2565,7.270604284513993,6.088779708469682,40.52
14245,111,2443,6.391204875647699,4.980270488676032,36.74
12251,63,2102,5.670261529157484,8.174899653208865,23.45
13740,118,1362,9.195251761223073,7.518092928507543,51.06
14515,79,3174,7.292956995118745,7.213651497199647,27.49
12151,122,1469,4.279648233607647,4.064903519319072,54.39
11457,113,1831,6.860550184660373,8.24467357359329,41.12
7617,116,2105,8.184391119205406,1.4715216603537509,36.32
3479,100,3214,7.750938184956784,2.436624112889505,46.15
7484,62,2841,4.532535375771556,4.020609456801205,32.95
13838,65,1404,9.334519994240619,1.6912669696235314,19.98
10827,64,1781,6.192881874479636,3.1149484978122244,16.15
14600,64,2779,4.454150022441568,8.471358846981264,34.1
8421,113,2040,4.581174524768888,9.534263840110714,56.79
10949,106,3036,4.089409953134483,3.7414212019677144,48.81
5452,108,2451,8.321108650609606,3.3806422358995443,43.05
11262,68,2919,4.2321829659310914,3.519033870217842,30.58
6881,79,2842,4.250751542850482,3.4994717861575944,42.37
7665,120,3497,8.602829688565027,1.323371639673757,49.03
3849,94,2074,5.567624506685358,9.342247116979973,54.59
12443,109,2664,3.6851474258484345,2.9232832741329555,48.03
8390,121,3443,3.811371797110465,4.780036666732645,65.34
7905,76,1889,4.353022680223374,1.0871819446687097,31.85
12922,62,3210,4.780360087854137,8.721595818235514,35.31
3489,91,2622,7.490877165430432,7.580416100094255,44.23
10823,72,3201,4.4439576800109695,9.520804316563328,42.4
12008,127,1871,4.213246347062432,8.034539312767592,59.73
10207,73,2371,8.088314848857674,3.8233586084685873,15.56
10540,70,2695,7.526331703159487,3.230860228555813,13.07
5611,115,2143,6.111945328731418,7.279446767979636,52.84
12279,126,3446,6.795858628880624,4.277014975094495,47.81
3839,88,2649,5.371904121958511,6.095935141773549,50.64
9527,68,2095,6.395002521412164,1.056317239238232,12.53
6878,126,3389,6.540035893896475,1.5569713151242772,52.37
13784,84,2536,5.823423627068576,5.81831147063486,29.98
10087,101,1364,8.939433264032976,6.094644818033486,40.34
7303,68,3268,3.596371189886037,7.763076500134092,49.55
12738,99,2305,8.193027578547477,2.1876878766156556,24.27
1851,84,2953,4.246296987447946,5.618647753811009,61.15
2687,64,3138,8.285284163223196,2.7500287998851976,35.26
11123,70,1570,7.195471494060327,1.8387650760642522,13.41
7833,118,3080,8.559668545618415,4.694462146544991,49.38
12938,97,2052,4.085085953845384,2.470029832801515,37.78
3427,64,1583,6.853883804598644,2.9960378037308675,30.62
10760,107,3131,6.506527281573183,3.8579912188255157,38.06
5000,77,1624,7.737159097780152,3.3344956066887663,30.4
6052,129,3408,6.705743311362054,1.7883216766535175,55.39
3738,96,1828,6.744407402798625,1.8092462037373207,40.44
12690,119,2094,6.077575661456388,2.7392447371075135,37.32
6732,107,1797,5.353006544044045,1.4550326916358505,44.33
6387,87,1792,6.393586167513153,6.638113177092344,39.23
9002,128,2887,4.2109541526104035,3.585940448580118,58.75
6536,99,1772,9.269080033898508,3.5177137099216393,42.79
14479,104,3275,7.786464581759589,3.9879846481398866,34.54
4913,121,3290,9.21480270012708,6.965166467887495,66.27
2066,117,2904,4.86036429397978,8.835704933351415,76.13
8723,126,1376,8.776046121059167,7.831782393000745,55.94
5380,115,1728,8.352739907381231,7.547763072025854,54.34
11636,99,2833,7.562914474746042,5.359520670407643,29.94
5107,99,2165,7.250175116511235,7.244250012706706,41.33
6726,92,2717,5.39929799160722,5.974861312302249,45.34
4373,65,1397,8.398464709790185,2.94625475367876,31.3
13161,78,2052,6.509092768878403,2.8772953096694565,18.12
11738,99,2737,3.925349455347712,3.667528061877551,44.22
9945,118,3269,5.3771789651307795,9.197224038728319,57.63
3082,118,2280,9.111782591271965,5.926733563417533,59.72
11966,107,1297,8.604081563629077,7.605148393016825,44.02
12088,100,3103,9.391434188459236,4.119028838348928,39.72
13377,72,1634,7.267960295624588,4.669441935987027,17.66
9967,104,1836,4.9850604388424715,2.1300902077352624,37.51
7748,112,1787,4.476890298061183,2.5416546203950334,50.02
10817,101,1543,4.62148664365077,8.44620899343531,49.69
12261,122,2517,3.6187739500835265,6.2635476851999385,57.81
1417,86,3179,5.844092665915635,4.03779219295437,54.47
9306,97,1770,4.648566082997255,8.225660880959914,47.5
9808,119,1810,5.969932762740214,3.218679150741847,41.24
4974,66,2927,9.109966591032592,9.784294287401835,43.46
4267,64,3490,6.08324125704314,4.103358469715528,39.21
1825,104,3054,8.76790698190901,4.0357985873610485,58.26
8668,117,2159,7.133028599695259,3.8072071498303472,35.62
6745,90,3279,4.9827893279683515,2.0990036433185915,45.03
10708,82,1731,5.635128555555268,2.000234325988112,25.36
12338,101,2377,4.003517214928577,6.83294531080711,46.66
1412,69,2291,5.500775561576063,8.876062401022423,49.34
8543,91,3101,7.565245673021204,8.114684592445062,36.36
8587,112,2083,3.932666557576611,2.26996834619216,47.96
1728,89,3461,4.732408450868176,5.910239096128598,65.51
12540,98,2878,5.788646248479869,1.9503239137897599,32.98
8164,90,3460,9.392297222095776,1.407651792517697,38.71
12000,61,3326,8.209170937753282,6.907472734462905,23.0
9867,71,2949,7.9009204789526235,5.816371003123153,21.54
12657,98,1981,4.197145739152676,1.7382131669032377,37.09
6988,125,3305,8.185975361689948,1.314453217653896,49.29
3504,72,2080,8.21161286909609,9.907807720684012,40.73
3967,105,1646,7.106616173745969,1.270191989341647,42.5
3786,86,3313,9.442170691990231,5.000754277451437,52.45
2122,76,2983,5.451523435547312,5.54157122146926,51.13
5079,119,2477,9.14763468945111,2.055521330204005,51.04
2571,123,3191,8.988386689739022,2.5215560059574464,64.42
6073,94,2267,3.568883958496267,4.166245057693173,50.81
6104,129,2777,6.200699158848867,7.855082885922964,62.03
3143,89,2211,9.36262539830944,5.5637418165424,47.31
10879,122,3474,4.118728174448455,6.741116870976654,63.39
7806,87,1973,6.786708166299917,9.866570995816073,37.17
8357,119,3014,9.373745042246625,7.912048917818887,56.89
13324,96,2401,6.832972544635161,4.909253483270959,27.67
13043,81,2650,4.638891817832936,5.017977296168938,34.29
4440,127,1506,6.993099380555538,6.568948693369045,60.34
4766,79,1978,4.726643443697281,6.9882868757701395,47.28
6644,127,1207,6.618225577366905,5.506398332530042,57.41
11518,123,1675,3.9442533074740878,6.803751005334819,59.02
3914,76,2520,7.132896015286428,1.211792449726889,28.19
5968,71,3411,6.600739634768949,4.866605775071597,35.91
6917,81,1684,7.940968212568778,3.5104426846612906,28.15
14584,76,2104,7.28420282695271,2.1625700071879934,11.92
13144,69,1758,6.79763761118454,1.8959186152789762,13.61
9787,124,3167,7.638673095488727,6.428729490532008,45.74
1728,81,3485,4.363651481433385,5.712404924373505,63.81
2365,109,2327,7.072157967551624,3.2822570529673225,48.13
5492,73,2433,4.5326636169366665,5.23855052895263,41.33
1698,123,1667,9.053133247111285,5.430090836641675,67.77
8186,106,2047,3.910004629073625,2.755080823947542,47.51
14923,88,1458,6.082248498144759,6.868837556934856,35.1
1395,95,1482,7.674784865932669,8.028274207474814,54.95
8400,111,2849,6.248133270009553,8.12317186800567,49.29
9082,66,3098,4.052571519397414,6.422228476331096,38.64
5171,88,1239,6.820274096760244,5.6047472426711265,43.27
5360,70,3467,7.349791452964127,1.549064287048554,28.71
3502,92,2214,7.722753865943046,3.5904816896644527,36.57
11011,65,1812,5.739558886776553,1.839443021003529,16.69
1717,91,3115,6.881959826172573,9.674408447906263,58.63
3782,110,1887,6.2041188496334785,2.2157213160318463,49.18
5946,117,1812,7.53233623251352,2.3659786886599186,41.26
12769,85,2981,7.001341803948911,9.006189564974429,32.72
6486,105,3010,6.6545373173548095,9.49535455128812,52.77
9335,88,2747,4.997146201029492,7.8924613531141885,42.22
5980,63,3130,3.5121111064894035,1.0486443130540288,40.0
12332,72,2352,4.544490051868576,1.0121164386090733,22.61
8266,98,1774,4.202396248545012,4.402906928087057,46.99
5491,74,3110,6.1945084700656805,2.290558330098033,34.24
8192,88,2212,7.173548904571068,1.1654752793643754,19.99
12130,88,1869,4.7785100521088495,5.176600204640542,35.92
6588,91,1468,9.134342575803123,9.487557076662744,49.85
8651,61,2483,3.540092775343327,3.9143761741218825,31.65
4636,106,2123,8.133806090992056,6.950266105858269,47.31
12414,81,2325,7.251228617182654,6.870118178191967,21.51
2167,86,2729,5.741328806286091,3.25972093298651,48.48
11808,126,2958,3.8029336664744475,6.853827239414779,62.88
2062,115,2794,7.264919430705676,2.9110057685820214,53.53
3156,80,1446,5.8136810771938885,2.0980667221920015,43.06
8860,106,2760,9.117602836479314,7.312449570037211,45.93
6161,118,3378,6.751940449338596,2.0209673539352506,50.29
6305,65,3443,9.137909067761049,9.972182967304198,44.09
12174,78,3139,4.822902160839824,2.651071610352064,32.3
7541,116,2129,7.854355462184619,6.347276764808118,41.99
12486,128,1426,7.203494125092354,4.702371142713305,43.63
5729,62,1464,7.936449378987871,2.137477801651004,22.58
10348,60,2595,4.788007183835221,1.2505951681967207,18.47
8330,117,2657,7.489967097426643,6.6045905406355,42.08
6334,97,1845,6.488242358341214,8.260818074102135,45.2
9924,74,3458,7.956949849437898,8.578140953560697,31.02
5330,93,2618,5.462267864910906,5.34442125769241,47.24
9010,120,2673,8.840342152791514,7.99709920464147,50.53
7801,94,2587,4.0058078876681025,7.055624201396903,51.1
5846,123,3099,8.343135912747128,7.518290747492199,59.79
7731,84,2449,8.667917754890546,5.433391046996327,31.86
8241,83,2181,8.403513868200928,6.700705662179144,28.97
1953,71,2354,6.576358365570656,8.249733222184513,43.01
3539,77,1787,6.1303098801845675,4.580957580013207,40.34
8056,74,1675,9.47757371914926,8.253810107808253,37.17
12516,86,3021,4.875031707284973,6.3281515851015655,40.08
12493,119,2185,6.781255795256268,2.493109219337076,32.73
2542,105,3403,7.524053152293954,1.2221574150212615,49.14
6293,76,2441,7.705205815168592,4.264782403592369,25.4
14964,112,1389,4.724147994431473,5.920266954667059,51.28
2191,67,2640,7.4239645540388075,8.558383169831394,39.12
7313,86,2180,8.410217398888024,2.147371121262216,25.79
14704,105,2898,3.800111460926673,8.201857129152213,55.46
12185,109,2915,8.969127759951899,8.767081414605043,47.0
7938,62,1240,3.6770243308712356,2.356187383007504,36.05
3681,123,2142,5.635826194930366,8.664348873737971,65.56
10409,103,1537,3.5948791773977726,9.923082110585128,57.94
2540,112,2537,3.962871011237491,7.541549479434138,72.53
7172,83,2298,8.967009711080475,8.062927136424893,37.11
12428,119,2095,5.629164984476887,9.949737408029861,50.37
6541,62,2874,6.048629182550317,6.449331254733508,31.62
11578,79,2130,4.792066288295316,3.770977438146245,27.88
12911,105,1488,7.082574621120319,8.5377775066845,39.66
14807,74,1923,7.068819288066738,6.530371997604681,20.08
10580,84,3153,5.7332023509513155,6.230758813488609,35.8
11048,76,2289,5.498209230832391,3.2827199996263445,22.47
2365,68,1682,8.809785849083527,7.80700842624598,44.76
9691,97,2135,5.799705437853208,1.7350054827408663,28.23
10872,107,3495,6.461005952926449,9.318583637151951,49.28
9702,119,1355,5.199828574549584,3.9324111469343626,49.93
8494,122,2270,8.220617020142765,2.149971875109914,37.7
5312,61,3158,5.88468894139455,4.981298797921769,35.07
2324,70,3448,6.5816662792659475,1.3822291833087985,39.74
10347,123,2883,5.020143020357969,7.161635748384697,55.4
11019,80,1323,9.42595755404751,9.124349594008205,38.63
4141,77,3248,5.248974445542338,8.535367064246579,54.05
8419,123,2167,8.124455185433309,2.14632526103093,37.55
4486,97,2054,6.064973902140555,2.1364402339695867,41.15
2810,91,1839,4.737304430504839,8.320910340918378,60.33
7588,70,3438,8.298312583789167,9.318288471428044,37.81
3923,104,2802,5.501640734174259,5.146028468501402,56.39
6301,92,1641,8.691160084386865,5.490740052223893,41.45
11406,100,3144,8.991543109506939,3.864358372471533,37.66
5186,67,3038,8.658943012347656,9.048386064307726,40.85
9905,70,3029,3.710047488840834,6.804126147631203,40.06
6977,110,3390,8.224240070030634,3.5942641945063163,47.15
12794,100,1732,5.968036798994863,3.6890458394882644,33.94
13326,76,3474,8.74233752109335,9.020800657572421,36.4
12714,105,2536,7.327725576108433,1.1227062151523932,24.42
5268,91,2148,8.501858804863751,3.9045391545397456,36.38
5748,113,3219,6.496590619201012,5.989210130947321,55.18
5849,79,1659,6.710153027593597,2.333957158893922,30.13
10435,92,1750,4.366325792802003,1.8288887877963083,35.59
4709,99,1592,8.203924152136132,8.33748697981504,50.64
10273,91,2987,6.01633767000183,9.049639497836566,40.33
14971,61,2044,6.500480709629496,8.412457787183705,19.24
7619,92,3457,8.210586284574246,9.08909100763613,46.52
9647,89,2338,7.093072400476634,5.978007739525344,25.37
14116,92,1845,4.706592364656005,8.310323088913076,42.88
10086,85,3466,7.041395954905356,4.456383745519904,29.43
10576,81,2666,5.945797147877935,6.996410753311347,30.85
11150,125,2577,6.317153252263176,9.89951978250248,51.52
4072,97,1341,3.669867646416007,3.0315495145521467,60.98
7530,105,1700,4.760176097097689,4.509097716619726,49.77
11188,74,2039,5.18622848828617,5.32042639579077,26.79
13477,103,2882,7.777760047152834,2.2421393831804655,28.43
1504,108,2765,3.5689548397886917,1.729347494185511,68.41
2214,120,3246,5.952663567374792,8.46750579689462,73.66
2531,126,2730,9.044161222554397,9.791149355448276,73.44
12632,65,1795,4.171283699294743,4.642525574466928,28.87
8576,68,3104,6.598546329311667,1.7888485257518796,21.13
1823,65,1480,8.219134294345082,1.5923058462151882,34.11
1928,91,1623,9.1551878451207,9.021863857242689,59.71
6029,100,1469,7.980659837202308,5.174328247549119,42.86
14428,67,1353,7.823393291866437,3.8802458490615273,16.95
1133,109,2950,8.458928541174576,5.288151441154596,61.66
3105,121,1861,6.177207325865262,3.864736852231126,58.4
4627,121,3167,8.335067195706998,5.40132197776858,59.29
13972,66,1282,3.5477864284727065,8.736007572261432,42.5
7316,63,2649,9.047366332260829,6.330712339558861,28.68
2852,65,2498,6.159839057103052,7.251883955291579,39.88
5910,117,2179,6.820281127194486,4.282036086109029,44.64
14460,81,3420,5.029293493489294,7.6465529065946685,42.21
5175,85,2859,7.955184997042529,6.999553763914351,40.62
12125,62,2598,3.959814838851493,2.076057979768508,24.73
12476,100,1832,8.735814815281012,6.153785678040261,35.38
13490,119,2731,8.468700974038057,3.310691466787822,39.18
12003,73,1986,4.796360697468598,8.236861026702336,33.09
6348,71,1597,8.355946389711574,4.833439376202455,30.01
14987,71,2343,8.218146398368889,9.952157486768385,24.33
10442,72,2133,7.293299586523694,1.832503941450674,9.44
14970,84,2660,5.741121061398125,8.023130764661428,34.65
14843,104,3052,5.128992525091207,7.063315601879408,47.86
12704,78,1485,4.8907015417361,7.907489475316349,38.12
7190,114,1464,5.411653776581643,3.767768159414107,51.92
2256,104,3336,8.921350660595182,5.428490404441606,62.21
4376,67,2877,3.9658446559326874,8.168576677513375,52.19
6645,112,2426,8.473227657517752,3.092871984587695,41.92
14454,114,2020,5.593340450250942,3.034298771097869,38.61
4486,91,2962,6.629596376068149,5.959458579654392,46.22
4584,110,3469,8.266913801890944,5.712072215768702,57.13
10588,103,1240,8.806259282137827,3.5403622337163956,37.66
12829,129,2931,5.568688520435882,3.682680854723405,50.38
9053,77,1267,6.271060887650662,3.5006064688590897,28.23
4330,81,2187,5.987096388900754,7.943608557986389,42.75
3703,96,2999,3.579506201023463,6.867107790062145,67.22
9662,115,2821,5.27565733315194,8.491754650692275,53.05
9120,118,2855,6.255135402395371,9.779257254826197,52.99
8114,62,2478,5.966561653282639,5.267478666447878,23.28
14323,87,1894,7.831575365094077,1.6002449326490398,17.98
2353,94,2285,5.808821703326619,1.432830793708319,44.95
11975,120,2893,6.436258693824021,3.6609853534445724,41.86
12023,113,2258,6.07765155279418,9.392901304172058,44.36
6063,122,1978,7.943756893366223,5.708917494737874,48.9
9549,66,1693,8.677834393921774,3.4460786447211627,18.66
12211,108,2785,6.691334474045085,4.592501150599176,36.0
8575,90,2692,8.236593165171147,6.387355966642037,33.47
1667,117,2990,5.280720092119104,6.87654692324058,72.75
5468,120,1860,6.748217660943612,2.385275588046145,47.0
14319,83,2548,5.5713797220198344,9.793285088906584,36.87
10337,79,2527,5.985205553430982,5.9029500428451,27.09
14659,96,2499,7.894483188876011,2.2211948601305136,23.03
7819,63,3186,8.789974893996277,9.042717280115204,34.34
13377,79,3244,4.228972346526593,1.6717458797148592,35.04
4719,119,3128,7.307835538924283,9.169618898597614,60.34
3745,83,2547,6.9928628454667905,9.969090906600842,45.65
8483,109,2258,4.210490235055591,7.303886192408535,52.64
1539,108,2176,4.7713659826406545,7.934024989665908,67.45
11971,110,1681,5.366014968396081,4.035725528207378,42.14
5964,95,1927,4.501586424905009,9.474191674605404,56.39
13328,125,2231,4.9623768951460505,5.767425694975309,49.43
5835,93,1542,5.1056047931702455,7.591496019377994,52.98
4775,95,2647,5.514042998234357,9.316969443201515,55.41
7042,65,3421,7.996342716806954,9.776619783779575,36.08
8102,98,1726,6.9314732231036045,8.498839209370068,40.27
8312,101,3096,9.417480031708408,3.7271575628382703,43.86
6320,117,1858,5.988414961804827,9.698927648968741,58.37
14216,71,3273,8.02319044302155,6.653075781192146,25.56
7132,62,2019,8.728810528259203,9.375782287167638,29.63
8891,77,1605,7.573870958228252,7.084945232329167,25.63
11700,99,3479,5.971188442504976,3.7651506566294843,39.84
3779,80,2773,8.021567784474517,4.330220717285344,37.63
1924,74,3011,4.722002826636109,5.954245993926464,55.25
12148,85,1704,5.465312991080794,8.110133574038938,36.87
2581,67,1378,6.7801115305957325,3.8618429620630144,37.26
8714,101,1331,6.9524563237168895,6.217580495207729,39.54
4324,103,3046,3.6328488528357767,4.110624942187614,64.63
13677,73,2678,9.170685132536052,8.341924641715964,30.11
6713,61,1971,7.6797636273043395,5.200552843911554,19.11
8026,96,2629,6.474222501391346,1.690505441675967,31.33
1255,128,3323,9.09876340644985,2.4944726933338273,71.38
5804,97,1778,6.134573391504971,1.5499420085766906,38.75
2838,100,2715,9.382613421622231,5.493726514128927,56.66
11136,121,1393,6.573708543460911,1.9570356761340446,39.92
1009,119,3207,4.185714619987877,2.027259723786689,75.12
3871,73,2385,8.088805834755664,9.469434340345394,39.47
9989,61,2584,7.573386350467043,8.853895649584498,17.06
8409,129,2992,8.13792032783352,5.068779371302294,50.43
8418,76,2310,9.208652172354086,9.872247887651852,35.01
14164,87,3461,8.158935815906109,1.001678753535968,26.07
6124,125,3136,7.168019613299881,6.525815106460544,56.2
2015,94,1979,8.643853414165045,6.5478535963468305,51.77
11016,64,1461,7.539478636127189,5.1169875028289935,15.27
13661,124,1929,5.948714340955538,4.572531756408636,44.13
12328,99,1482,8.81371858545064,5.098448219325468,36.45
3193,115,2690,4.831402764706237,4.734643924717124,64.8
9415,95,1561,7.787847649452345,7.574432297340694,34.18
14550,104,1640,8.789380729644542,2.2181989147595567,32.94
14140,82,3340,7.887899118219778,2.778752985320171,24.31
8449,106,2844,7.683652514323142,2.624664055531812,33.4
5158,90,2066,8.015829764431016,3.362235266091381,33.62
14528,70,2647,6.290331489803866,5.72732576903425,22.36
4925,69,1341,8.745024092942156,2.0008787260439687,32.38
7970,126,2514,4.720618850816547,8.813523657938537,62.89
7938,73,2655,4.264318496002035,3.676253781776251,35.92
5784,69,3075,5.213052680711069,2.462841887218371,36.26
14772,60,3047,6.689464380649959,7.08059178638419,21.19
5000,64,2912,6.563370772456029,1.3427767053938735,26.39
2633,79,1900,8.42359254605952,6.579717083867478,43.36
11344,67,2197,5.927411938424104,7.283785876088498,21.81
8266,102,3296,6.406066557749051,2.9342487824804726,40.64
9702,60,2525,3.580206099556374,1.3776766609927087,24.91
1384,116,2080,5.9584354186576345,4.2728082302750465,60.58
1404,123,2413,7.386645397702052,1.8873480721774283,53.53
9175,87,2359,3.593049983759553,2.048300647060034,37.46
13805,96,1754,5.1852917911174625,3.288351083003781,35.37
13763,106,1603,4.747738155736339,3.659211321640834,43.56
3000,96,2091,3.7519125734575294,5.769733069192785,61.16
11948,108,1801,6.375560539487225,7.1055269695271175,39.92
10860,103,3030,4.5903397593689395,6.334938467831663,48.86
6989,115,1540,7.958489237788281,2.335243035605651,41.97
2460,87,3168,8.58756730258009,2.548774292073638,47.13
8190,65,1903,6.773511096014887,8.90892324813623,25.95
8140,120,1517,9.39024405512685,6.025170835577023,54.11
4636,79,2586,6.202871428823572,8.8294404960792,44.25
11916,61,3480,6.580209261349493,4.343918601878869,21.39
5809,96,3000,9.435306523746501,6.5296000668819145,51.53
5178,79,2567,4.8892906157902924,5.712970744491496,44.64
14456,85,2772,9.155275638061433,3.8721114083841632,29.2
8245,88,2016,3.7570253307146793,5.229238348302358,44.36
7600,60,1752,6.178321341579169,5.522417891442388,24.34
6997,94,2055,3.9200210727983946,2.806938772810107,45.3
3048,129,3012,7.875408457481858,3.8350933513905843,60.83
13338,118,1382,7.150453615280107,8.12268775456278,45.08
5780,128,2774,7.739805580805578,9.242094155087145,59.17
1716,92,1596,5.746882399808102,4.238146841907695,54.19
8939,110,2927,5.716891604188282,3.7627505398811634,44.23
6565,71,2717,3.771915673765368,2.756774481146943,40.05
5544,79,2106,5.599669637177839,7.106420517855231,40.17
5976,112,2556,9.075730413572357,3.9078973149970357,48.82
13775,102,3374,5.775359223082694,9.889745851892696,50.49
11015,109,1200,8.48820623733182,3.931163218575579,39.53
11273,88,1218,8.553953028499604,4.547224421043653,31.64
4419,116,1783,5.739446938275403,6.430007765908313,59.61
8239,98,1655,7.2919320823771345,8.215158638721745,38.24
10766,115,3236,4.072229613638352,5.225667988110703,56.52
1249,102,2332,4.122071484405659,4.803904304100625,64.99
9865,109,3152,3.79194598197028,9.960740502353275,62.14
13725,82,3350,6.986090560250657,1.0944427702595,22.49
11357,103,2187,6.056425865756582,9.055587599661212,39.33
1770,97,1719,6.788194139985441,2.342267433457637,47.2
13154,82,2058,6.626439143050327,8.07332748588022,27.0
5363,104,1373,5.601217946544382,6.561384038616682,56.15
11176,111,2566,7.564840488940837,4.076625569482829,31.11
2077,109,1926,8.051011285498344,8.864874599689166,58.97
9427,67,2910,3.587769553266054,1.116165051828928,31.13
9580,60,3075,4.74345379861327,3.040215868674313,26.12
12229,67,2881,7.779415208500021,6.102035166245824,18.79
8901,88,2547,5.819721035803005,4.163880340447282,32.06
5858,64,2189,7.474903681649649,6.4933974578649485,22.02
11040,106,1619,5.58177595840735,1.2169917406780013,35.6
7544,93,1793,5.844530913977822,2.048130374335413,34.76
5719,124,2974,4.452073242138109,2.143866161965953,62.54
3814,114,2135,5.04938611799696,2.7035528132440847,55.42
4374,102,2307,7.132470545045523,5.133982967204885,42.43
12470,89,2336,6.098978667890998,7.769158295892141,32.13
2252,76,1531,8.14581609766757,9.14984954136011,48.33
7996,85,3288,8.615509729630055,8.518352772558215,42.45
13173,67,2993,6.749878509300559,2.771990845981152,17.01
5673,106,2158,8.049603752336354,4.970354970075691,41.06
11314,105,1304,5.3414270791674205,2.794704379826815,41.16
5530,127,1401,5.989827292400469,3.380246350004717,58.66
11342,92,3042,7.776666057300986,5.531922833606975,29.87
14051,60,3066,5.817271956902184,1.6129812225117028,17.49
7881,78,3196,7.031029610953933,2.9635689663394587,27.46
7949,90,2489,4.612236674495069,9.418403451764055,48.77
